{
  "hash": "eef3f3dc",
  "configHash": "c3d03a71",
  "lockfileHash": "0f1e95f0",
  "browserHash": "e0722029",
  "optimized": {
    "@angular/common": {
      "src": "../../../../../../node_modules/@angular/common/fesm2022/common.mjs",
      "file": "@angular_common.js",
      "fileHash": "a1fc9816",
      "needsInterop": false
    },
    "@angular/common/http": {
      "src": "../../../../../../node_modules/@angular/common/fesm2022/http.mjs",
      "file": "@angular_common_http.js",
      "fileHash": "86815bbc",
      "needsInterop": false
    },
    "@angular/core": {
      "src": "../../../../../../node_modules/@angular/core/fesm2022/core.mjs",
      "file": "@angular_core.js",
      "fileHash": "3b5a657e",
      "needsInterop": false
    },
    "@angular/forms": {
      "src": "../../../../../../node_modules/@angular/forms/fesm2022/forms.mjs",
      "file": "@angular_forms.js",
      "fileHash": "017cd539",
      "needsInterop": false
    },
    "@angular/platform-browser": {
      "src": "../../../../../../node_modules/@angular/platform-browser/fesm2022/platform-browser.mjs",
      "file": "@angular_platform-browser.js",
      "fileHash": "b8bb1823",
      "needsInterop": false
    },
    "@angular/router": {
      "src": "../../../../../../node_modules/@angular/router/fesm2022/router.mjs",
      "file": "@angular_router.js",
      "fileHash": "ae54035c",
      "needsInterop": false
    },
    "@capacitor/preferences": {
      "src": "../../../../../../node_modules/@capacitor/preferences/dist/esm/index.js",
      "file": "@capacitor_preferences.js",
      "fileHash": "7d6e5c72",
      "needsInterop": false
    },
    "@ionic/angular/standalone": {
      "src": "../../../../../../node_modules/@ionic/angular/fesm2022/ionic-angular-standalone.mjs",
      "file": "@ionic_angular_standalone.js",
      "fileHash": "ffd1fb6f",
      "needsInterop": false
    },
    "zone.js": {
      "src": "../../../../../../node_modules/zone.js/fesm2015/zone.js",
      "file": "zone__js.js",
      "fileHash": "f78ed065",
      "needsInterop": true
    },
    "@ionic/angular": {
      "src": "../../../../../../node_modules/@ionic/angular/fesm2022/ionic-angular.mjs",
      "file": "@ionic_angular.js",
      "fileHash": "bf689f07",
      "needsInterop": false
    }
  },
  "chunks": {
    "status-tap-GMHL4MGD": {
      "file": "status-tap-GMHL4MGD.js"
    },
    "input-shims-PDF33XPS": {
      "file": "input-shims-PDF33XPS.js"
    },
    "focus-visible-XBL42XGV": {
      "file": "focus-visible-XBL42XGV.js"
    },
    "ion-text.entry-AFB4BWP2": {
      "file": "ion-text__entry-AFB4BWP2.js"
    },
    "ion-textarea.entry-3P56AYDK": {
      "file": "ion-textarea__entry-3P56AYDK.js"
    },
    "ion-toast.entry-TLWX6X52": {
      "file": "ion-toast__entry-TLWX6X52.js"
    },
    "ion-toggle.entry-FEOU5VCK": {
      "file": "ion-toggle__entry-FEOU5VCK.js"
    },
    "web-WGOQMVEB": {
      "file": "web-WGOQMVEB.js"
    },
    "swipe-back-FYHOR2D6": {
      "file": "swipe-back-FYHOR2D6.js"
    },
    "keyboard-DJSYFZAF": {
      "file": "keyboard-DJSYFZAF.js"
    },
    "index7-EU7GZN53": {
      "file": "index7-EU7GZN53.js"
    },
    "ion-segment-view.entry-2DZZ2JG7": {
      "file": "ion-segment-view__entry-2DZZ2JG7.js"
    },
    "ion-segment_2.entry-U34AJYCY": {
      "file": "ion-segment_2__entry-U34AJYCY.js"
    },
    "ion-select-modal.entry-CSV2S7J7": {
      "file": "ion-select-modal__entry-CSV2S7J7.js"
    },
    "ion-select_3.entry-GRZXBT37": {
      "file": "ion-select_3__entry-GRZXBT37.js"
    },
    "ion-spinner.entry-LU5MUWYP": {
      "file": "ion-spinner__entry-LU5MUWYP.js"
    },
    "ion-split-pane.entry-RRBSJSGD": {
      "file": "ion-split-pane__entry-RRBSJSGD.js"
    },
    "ion-tab-bar_2.entry-5GEN5EQL": {
      "file": "ion-tab-bar_2__entry-5GEN5EQL.js"
    },
    "ion-tab_2.entry-4DRKLRSI": {
      "file": "ion-tab_2__entry-4DRKLRSI.js"
    },
    "ion-radio_2.entry-3EV55AH4": {
      "file": "ion-radio_2__entry-3EV55AH4.js"
    },
    "chunk-4YTI4ER5": {
      "file": "chunk-4YTI4ER5.js"
    },
    "ion-range.entry-EAUKKDOJ": {
      "file": "ion-range__entry-EAUKKDOJ.js"
    },
    "ion-refresher_2.entry-EOT56BKL": {
      "file": "ion-refresher_2__entry-EOT56BKL.js"
    },
    "chunk-EKTWLTWC": {
      "file": "chunk-EKTWLTWC.js"
    },
    "ion-reorder_2.entry-AB2QZLKU": {
      "file": "ion-reorder_2__entry-AB2QZLKU.js"
    },
    "ion-ripple-effect.entry-PFNFZMAG": {
      "file": "ion-ripple-effect__entry-PFNFZMAG.js"
    },
    "ion-route_4.entry-QRRSJGZZ": {
      "file": "ion-route_4__entry-QRRSJGZZ.js"
    },
    "ion-searchbar.entry-4LV4SJM4": {
      "file": "ion-searchbar__entry-4LV4SJM4.js"
    },
    "ion-segment-content.entry-R5ZCEVIO": {
      "file": "ion-segment-content__entry-R5ZCEVIO.js"
    },
    "ion-menu_3.entry-OICN77P2": {
      "file": "ion-menu_3__entry-OICN77P2.js"
    },
    "ion-modal.entry-77FHGYBN": {
      "file": "ion-modal__entry-77FHGYBN.js"
    },
    "ion-nav_2.entry-KMR6W4QU": {
      "file": "ion-nav_2__entry-KMR6W4QU.js"
    },
    "ion-picker-column-option.entry-SF2ZADZF": {
      "file": "ion-picker-column-option__entry-SF2ZADZF.js"
    },
    "ion-picker-column.entry-EEKREN2S": {
      "file": "ion-picker-column__entry-EEKREN2S.js"
    },
    "ion-picker.entry-2FMBYRE3": {
      "file": "ion-picker__entry-2FMBYRE3.js"
    },
    "ion-popover.entry-KQDFTNA5": {
      "file": "ion-popover__entry-KQDFTNA5.js"
    },
    "ion-progress-bar.entry-4AR32GE3": {
      "file": "ion-progress-bar__entry-4AR32GE3.js"
    },
    "ion-img.entry-3SKYMY27": {
      "file": "ion-img__entry-3SKYMY27.js"
    },
    "ion-infinite-scroll_2.entry-H7RHWLUR": {
      "file": "ion-infinite-scroll_2__entry-H7RHWLUR.js"
    },
    "ion-input-otp.entry-XQO5CW2V": {
      "file": "ion-input-otp__entry-XQO5CW2V.js"
    },
    "ion-input-password-toggle.entry-7G6IDXQT": {
      "file": "ion-input-password-toggle__entry-7G6IDXQT.js"
    },
    "ion-input.entry-22OYFVAS": {
      "file": "ion-input__entry-22OYFVAS.js"
    },
    "chunk-VVOLZK3E": {
      "file": "chunk-VVOLZK3E.js"
    },
    "chunk-HOBSPFVR": {
      "file": "chunk-HOBSPFVR.js"
    },
    "ion-item-option_3.entry-Y5KKLFCN": {
      "file": "ion-item-option_3__entry-Y5KKLFCN.js"
    },
    "chunk-BW7P24PA": {
      "file": "chunk-BW7P24PA.js"
    },
    "ion-item_8.entry-5CWFMVOH": {
      "file": "ion-item_8__entry-5CWFMVOH.js"
    },
    "ion-loading.entry-YHLHNCYB": {
      "file": "ion-loading__entry-YHLHNCYB.js"
    },
    "ion-button_2.entry-53OV66US": {
      "file": "ion-button_2__entry-53OV66US.js"
    },
    "ion-card_5.entry-OM4D7L3Y": {
      "file": "ion-card_5__entry-OM4D7L3Y.js"
    },
    "ion-checkbox.entry-DZJWBNQ2": {
      "file": "ion-checkbox__entry-DZJWBNQ2.js"
    },
    "chunk-5FN4WTS4": {
      "file": "chunk-5FN4WTS4.js"
    },
    "ion-chip.entry-VYCB5N4S": {
      "file": "ion-chip__entry-VYCB5N4S.js"
    },
    "ion-col_3.entry-USY6PPM2": {
      "file": "ion-col_3__entry-USY6PPM2.js"
    },
    "ion-datetime-button.entry-QXIXGEKD": {
      "file": "ion-datetime-button__entry-QXIXGEKD.js"
    },
    "ion-datetime_3.entry-JUKHR63T": {
      "file": "ion-datetime_3__entry-JUKHR63T.js"
    },
    "chunk-HOK6OVOO": {
      "file": "chunk-HOK6OVOO.js"
    },
    "ion-fab_3.entry-LMK7NMFW": {
      "file": "ion-fab_3__entry-LMK7NMFW.js"
    },
    "keyboard-ywgs5efA-XYMYC7T4": {
      "file": "keyboard-ywgs5efA-XYMYC7T4.js"
    },
    "chunk-QGLHSLIO": {
      "file": "chunk-QGLHSLIO.js"
    },
    "focus-visible-BmVRXR1y-ZTBN6E5W": {
      "file": "focus-visible-BmVRXR1y-ZTBN6E5W.js"
    },
    "chunk-QRN5AHKQ": {
      "file": "chunk-QRN5AHKQ.js"
    },
    "swipe-back-BKw2CAHc-BXVK6XNQ": {
      "file": "swipe-back-BKw2CAHc-BXVK6XNQ.js"
    },
    "ion-app_8.entry-B5TTPP5M": {
      "file": "ion-app_8__entry-B5TTPP5M.js"
    },
    "chunk-ACTGXBFA": {
      "file": "chunk-ACTGXBFA.js"
    },
    "chunk-5NKZUR6M": {
      "file": "chunk-5NKZUR6M.js"
    },
    "ion-avatar_3.entry-RMP4SROY": {
      "file": "ion-avatar_3__entry-RMP4SROY.js"
    },
    "ion-back-button.entry-SIWKNKCD": {
      "file": "ion-back-button__entry-SIWKNKCD.js"
    },
    "ion-backdrop.entry-HPHL32MM": {
      "file": "ion-backdrop__entry-HPHL32MM.js"
    },
    "ion-breadcrumb_2.entry-QD5N5OXY": {
      "file": "ion-breadcrumb_2__entry-QD5N5OXY.js"
    },
    "hardware-back-button-CPLxO-Ev-CY7JOFNW": {
      "file": "hardware-back-button-CPLxO-Ev-CY7JOFNW.js"
    },
    "ion-action-sheet.entry-7K43K7FF": {
      "file": "ion-action-sheet__entry-7K43K7FF.js"
    },
    "ion-alert.entry-VMUITM6T": {
      "file": "ion-alert__entry-VMUITM6T.js"
    },
    "chunk-UCV2RHRP": {
      "file": "chunk-UCV2RHRP.js"
    },
    "chunk-32GL4UXS": {
      "file": "chunk-32GL4UXS.js"
    },
    "chunk-V3DEFQ3K": {
      "file": "chunk-V3DEFQ3K.js"
    },
    "ios.transition-BDzw0_Hm-UNUCZAPP": {
      "file": "ios__transition-BDzw0_Hm-UNUCZAPP.js"
    },
    "md.transition-BzDYi3qq-E5ANHXS3": {
      "file": "md__transition-BzDYi3qq-E5ANHXS3.js"
    },
    "index-ceb5RaMT-J3UUCEES": {
      "file": "index-ceb5RaMT-J3UUCEES.js"
    },
    "status-tap-5DQ7Fc4V-6ZIVC6LN": {
      "file": "status-tap-5DQ7Fc4V-6ZIVC6LN.js"
    },
    "input-shims-D6H3ZaWt-QQXNKOO4": {
      "file": "input-shims-D6H3ZaWt-QQXNKOO4.js"
    },
    "chunk-UDOB7BMP": {
      "file": "chunk-UDOB7BMP.js"
    },
    "chunk-KH3VUFSP": {
      "file": "chunk-KH3VUFSP.js"
    },
    "chunk-GQBL3GOS": {
      "file": "chunk-GQBL3GOS.js"
    },
    "chunk-D6MKN2U2": {
      "file": "chunk-D6MKN2U2.js"
    },
    "chunk-L6ISKHKK": {
      "file": "chunk-L6ISKHKK.js"
    },
    "chunk-IUXA2G6D": {
      "file": "chunk-IUXA2G6D.js"
    },
    "chunk-G5UZVNUA": {
      "file": "chunk-G5UZVNUA.js"
    },
    "chunk-IKS2SDKY": {
      "file": "chunk-IKS2SDKY.js"
    },
    "ios.transition-W3IZA6MS": {
      "file": "ios__transition-W3IZA6MS.js"
    },
    "md.transition-VPNSX4QS": {
      "file": "md__transition-VPNSX4QS.js"
    },
    "index3-WDJJIG5O": {
      "file": "index3-WDJJIG5O.js"
    },
    "hardware-back-button-GTEQI45J": {
      "file": "hardware-back-button-GTEQI45J.js"
    },
    "ion-accordion_2.entry-HTSJLABE": {
      "file": "ion-accordion_2__entry-HTSJLABE.js"
    },
    "chunk-IUTD4BIB": {
      "file": "chunk-IUTD4BIB.js"
    },
    "index-CfgBF1SE-YQMITAOU": {
      "file": "index-CfgBF1SE-YQMITAOU.js"
    },
    "chunk-ZOVVUH3H": {
      "file": "chunk-ZOVVUH3H.js"
    },
    "chunk-34QX6F67": {
      "file": "chunk-34QX6F67.js"
    },
    "chunk-RYBV74BN": {
      "file": "chunk-RYBV74BN.js"
    },
    "chunk-YQXOZNSI": {
      "file": "chunk-YQXOZNSI.js"
    },
    "chunk-OV72NMN6": {
      "file": "chunk-OV72NMN6.js"
    },
    "chunk-YHTFT7Q3": {
      "file": "chunk-YHTFT7Q3.js"
    },
    "chunk-C7ZXBKVB": {
      "file": "chunk-C7ZXBKVB.js"
    },
    "chunk-EET3QNG6": {
      "file": "chunk-EET3QNG6.js"
    },
    "chunk-LTNRHZ44": {
      "file": "chunk-LTNRHZ44.js"
    },
    "chunk-6IFGPGXL": {
      "file": "chunk-6IFGPGXL.js"
    },
    "chunk-UZ45NRSZ": {
      "file": "chunk-UZ45NRSZ.js"
    },
    "chunk-LCMILTBF": {
      "file": "chunk-LCMILTBF.js"
    },
    "chunk-ZZPS75HR": {
      "file": "chunk-ZZPS75HR.js"
    },
    "chunk-2CZSUW6O": {
      "file": "chunk-2CZSUW6O.js"
    },
    "chunk-7YP4I6M7": {
      "file": "chunk-7YP4I6M7.js"
    },
    "chunk-ZOM2SJBV": {
      "file": "chunk-ZOM2SJBV.js"
    },
    "chunk-PMTKRSGE": {
      "file": "chunk-PMTKRSGE.js"
    },
    "chunk-4554YRK6": {
      "file": "chunk-4554YRK6.js"
    },
    "chunk-6U2AQA2C": {
      "file": "chunk-6U2AQA2C.js"
    },
    "chunk-JTFYPPJN": {
      "file": "chunk-JTFYPPJN.js"
    },
    "chunk-2H3NLAAY": {
      "file": "chunk-2H3NLAAY.js"
    },
    "chunk-QEE7QVES": {
      "file": "chunk-QEE7QVES.js"
    },
    "chunk-NI5MS5BZ": {
      "file": "chunk-NI5MS5BZ.js"
    },
    "chunk-PIV5S7JR": {
      "file": "chunk-PIV5S7JR.js"
    },
    "chunk-NSAA3NV2": {
      "file": "chunk-NSAA3NV2.js"
    },
    "chunk-Z3OEOVFM": {
      "file": "chunk-Z3OEOVFM.js"
    },
    "chunk-QA2SYHF5": {
      "file": "chunk-QA2SYHF5.js"
    },
    "chunk-KILKDVRJ": {
      "file": "chunk-KILKDVRJ.js"
    },
    "chunk-2MLXWLVG": {
      "file": "chunk-2MLXWLVG.js"
    },
    "chunk-36MMZVDP": {
      "file": "chunk-36MMZVDP.js"
    },
    "chunk-HLQAB6MJ": {
      "file": "chunk-HLQAB6MJ.js"
    },
    "chunk-HCEN76VI": {
      "file": "chunk-HCEN76VI.js"
    },
    "chunk-OST5IDR3": {
      "file": "chunk-OST5IDR3.js"
    },
    "chunk-R6U7IGMG": {
      "file": "chunk-R6U7IGMG.js"
    },
    "chunk-Y4GTZ27O": {
      "file": "chunk-Y4GTZ27O.js"
    },
    "chunk-QHQP2P2Z": {
      "file": "chunk-QHQP2P2Z.js"
    }
  }
}